STT,Mã,Tên công ti,Nhóm ngành,VN30
1,AAA,CTCP Nhựa An Phát Xanh,Sản Xuất Nhựa - Hóa Chất,0
2,AAM,CTCP Thủy sản MeKong,Chế Biến Thủy Sản,0
3,ABS,CTCP Dịch vụ Nông nghiệp Bình Thuận,Bán buôn,0
4,ABT,CTCP Xuất nhập khẩu Thủy sản Bến Tre,Chế Biến Thủy Sản,0
5,ACC,CTCP Đầu tư và Xây dựng Bình Dương ACC,Vật Liệu Xây Dựng,0
6,ACL,CTCP Xuất nhập khẩu Thủy sản Cửu Long An Giang,Chế Biến Thủy Sản,0
7,ADS,CTCP Damsan,SX Hàng Gia Dụng,0
8,AGG,CTCP Đầu tư và Phát triển Bất động sản An Gia,Bất động sản,0
9,AGM,CTCP Xuất nhập khẩu An Giang,Thực Phẩm - Đồ Uống,0
10,AGR,CTCP Chứng khoán Agribank,Chứng khoán,0
11,AMD,CTCP Đầu tư và Khoáng sản FLC AMD,Bán lẻ,0
12,ANV,CTCP Nam Việt,Chế Biến Thủy Sản,0
13,APC,CTCP Chiếu xạ An Phú,Nông-Lâm-Ngư,0
14,APG,CTCP Chứng khoán APG,Chứng khoán,0
15,ASM,CTCP Tập đoàn Sao Mai,Nông-Lâm-Ngư,0
16,ASP,CTCP Tập đoàn Dầu khí An Pha,Tiện ích,0
17,AST,CTCP Dịch vụ Hàng không Taseco,Bán lẻ,0
18,ATG,CTCP An Trường An,Khai khoáng,0
19,BBC,CTCP Bibica,Thực Phẩm - Đồ Uống,0
20,BCE,CTCP Xây dựng và Giao thông Bình Dương,Bất động sản,0
21,BCG,CTCP Bamboo Capital,Thực Phẩm - Đồ Uống,0
22,BFC,CTCP Phân bón Bình Điền,Sản Xuất Nhựa - Hóa Chất,0
23,BHN,Tổng Công ty cổ phần Bia - Rượu - Nước giải khát Hà Nội,Thực Phẩm - Đồ Uống,0
24,BIC,Tổng Công ty cổ phần Bảo hiểm Ngân hàng Đầu tư và Phát triển Việt Nam,Bảo hiểm,0
25,BID,Ngân hàng TMCP Đầu tư và Phát triển Việt Nam,Ngân hàng,1
26,BMC,CTCP Khoáng sản Bình Định,Khai khoáng,0
27,BMI,Tổng Công ty cổ phần Bảo Minh,Bảo hiểm,0
28,BMP,CTCP Nhựa Bình Minh,Sản Xuất Nhựa - Hóa Chất,0
29,BRC,CTCP Cao su Bến Thành,Sản Phẩm Cao Su,0
30,BSI,CTCP Chứng khoán Ngân hàng Đầu tư và Phát triển Việt Nam,Chứng khoán,0
31,BTP,CTCP Nhiệt điện Bà Rịa,Tiện ích,0
32,BTT,CTCP Thương mại Dịch vụ Bến Thành,Bán lẻ,0
33,BVH,Tập đoàn Bảo Việt,Bảo hiểm,1
34,BWE,CTCP Nước - Môi trường Bình Dương,Tiện ích,0
35,C32,CTCP CIC39,Khai khoáng,0
36,C47,CTCP Xây dựng 47,Xây dựng,0
37,CAV,CTCP Dây Cáp điện Việt Nam,Thiết bị điện,0
38,CCI,CTCP Đầu tư Phát triển Công nghiệp Thương mại Củ Chi,Bán lẻ,0
39,CCL,CTCP Đầu Tư và Phát triển Đô Thị Dầu khí Cửu Long,Bất động sản,0
40,CDC,CTCP Chương Dương,Bất động sản,0
41,CEE,CTCP Xây dựng Hạ tầng CII,Xây dựng,0
42,CHP,CTCP Thủy điện Miền Trung,Tiện ích,0
43,CIG,CTCP COMA 18,Bất động sản,0
44,CII,CTCP Đầu tư Hạ tầng Kỹ thuật Thành phố Hồ Chí Minh,Xây dựng,0
45,CKG,CTCP Tập đoàn Tư vấn Đầu tư và Xây dựng Kiên Giang,Bất động sản,0
46,CLC,CTCP Cát Lợi,SX Phụ trợ,0
47,CLG,CTCP Đầu tư và Phát triển Nhà đất COTEC,Xây dựng,0
48,CLL,CTCP Cảng Cát Lái,Vận tải - kho bãi,0
49,CLW,CTCP Cấp nước Chợ Lớn,Tiện ích,0
50,CMG,CTCP Tập đoàn Công nghệ CMC,Công nghệ thông tin,0
51,CMV,CTCP Thương nghiệp Cà Mau,Bán lẻ,0
52,CMX,CTCP Camimex Group,Chế Biến Thủy Sản,0
53,CNG,CTCP CNG Việt Nam,Tiện ích,0
54,COM,CTCP Vật tư Xăng Dầu,Bán lẻ,0
55,CRC,CTCP Create Capital Việt Nam,Vật Liệu Xây Dựng,0
56,CRE,CTCP Bất động sản Thế Kỷ,Bất động sản,0
57,CSM,CTCP Công nghiệp Cao su Miền Nam,Sản Phẩm Cao Su,0
58,CSV,CTCP Hóa chất Cơ bản Miền Nam,Sản Xuất Nhựa - Hóa Chất,0
59,CTD,CTCP Xây dựng Coteccons,Xây dựng,1
60,CTF,CTCP City Auto,Bán lẻ,0
61,CTG,Ngân hàng TMCP Công Thương Việt Nam,Ngân hàng,1
62,CTI,CTCP Đầu tư Phát triển Cường Thuận IDICO,Xây dựng,0
63,CTS,CTCP Chứng khoán Ngân hàng Công thương Việt Nam,Chứng khoán,0
64,CVT,CTCP CMC,Vật Liệu Xây Dựng,0
65,D2D,CTCP Phát triển Đô thị Công nghiệp số 2,Bất động sản,0
66,DAG,CTCP Tập đoàn Nhựa Đông Á,Sản Xuất Nhựa - Hóa Chất,0
67,DAH,CTCP Tập đoàn Khách sạn Đông Á,Dịch vụ lưu trú - ăn uống-giải trí,0
68,DAT,CTCP Đầu tư du lịch và Phát triển Thủy sản,Thực Phẩm - Đồ Uống,0
69,DBC,CTCP Tập đoàn Dabaco Việt Nam,Thực Phẩm - Đồ Uống,0
70,DBD,CTCP Dược - Trang thiết bị Y tế Bình Định,Chăm sóc sức khỏe,0
71,DCL,CTCP Dược phẩm Cửu Long,Chăm sóc sức khỏe,0
72,DCM,CTCP Phân bón Dầu khí Cà Mau,Sản Xuất Nhựa - Hóa Chất,0
73,DGW,CTCP Thế Giới Số,Bán buôn,0
74,DHA,CTCP Hóa An,Khai khoáng,0
75,DHC,CTCP Đông Hải Bến Tre,SX Phụ trợ,0
76,DHG,CTCP Dược Hậu Giang,Chăm sóc sức khỏe,0
77,DHM,CTCP Thương mại và Khai thác Khoáng sản Dương Hiếu,Khai khoáng,0
78,DIC,CTCP Đầu tư và Thương mại DIC,Bán buôn,0
79,DIG,Tổng Công ty cổ phần Đầu tư Phát triển Xây dựng,Bất động sản,0
80,DLG,CTCP Tập đoàn Đức Long Gia Lai,SX Phụ trợ,0
81,DMC,CTCP Xuất nhập khẩu Y Tế Domesco,Chăm sóc sức khỏe,0
82,DPG,CTCP Đạt Phương,Xây dựng,0
83,DPM,Tổng Công ty Phân bón và Hóa chất Dầu khí - CTCP,Sản Xuất Nhựa - Hóa Chất,0
84,DPR,CTCP Cao su Đồng Phú,Sản Xuất Nhựa - Hóa Chất,0
85,DQC,CTCP Bóng đèn Điện Quang,Thiết bị điện,0
86,DRC,CTCP Cao su Đà Nẵng,Sản Phẩm Cao Su,0
87,DRH,CTCP DRH Holdings,Bất động sản,0
88,DRL,CTCP Thủy điện - Điện Lực 3,Tiện ích,0
89,DSN,CTCP Công viên nước Đầm Sen,Dịch vụ lưu trú - ăn uống-giải trí,0
90,DTA,CTCP Đệ Tam,Bất động sản,0
91,DTL,CTCP Đại Thiên Lộc,Vật Liệu Xây Dựng,0
92,DTT,CTCP Kỹ nghệ Đô Thành,Sản Xuất Nhựa - Hóa Chất,0
93,DVP,CTCP Đầu tư và Phát triển Cảng Đình Vũ,Vận tải - kho bãi,0
94,DXG,CTCP Tập đoàn Đất Xanh,Bất động sản,0
95,DXV,CTCP VICEM Vật liệu Xây dựng Đà Nẵng,Bán buôn,0
96,E1VFVN30,Quỹ ETF VFMVN30,Tài chính khác,0
97,EIB,Ngân hàng TMCP Xuất nhập khẩu Việt Nam,Ngân hàng,1
98,ELC,CTCP Đầu tư Phát triển Công nghệ Điện tử - Viễn thông,Công nghệ thông tin,0
99,EMC,CTCP Cơ điện Thủ Đức,Thiết bị điện,0
100,EVE,CTCP Everpia,SX Hàng Gia Dụng,0
101,EVG,CTCP Tập đoàn EverLand,Bất động sản,0
102,FCM,CTCP Khoáng sản FECON,Vật Liệu Xây Dựng,0
103,FCN,CTCP FECON,Xây dựng,0
104,FDC,CTCP Ngoại thương và Phát triển Đầu tư Thành phố Hồ Chí Minh,Bất động sản,0
105,FIR,CTCP Địa ốc First Real,Bất động sản,0
106,FIT,CTCP Tập đoàn F.I.T,Tài chính khác,0
107,FLC,CTCP Tập đoàn FLC,Bất động sản,0
108,FMC,CTCP Thực phẩm Sao Ta,Chế Biến Thủy Sản,0
109,FPT,CTCP FPT,Công nghệ thông tin,1
110,FRT,CTCP Bán lẻ Kỹ thuật số FPT,Bán lẻ,0
111,FTM,CTCP Đầu tư và Phát triển Đức Quân,SX Hàng Gia Dụng,0
112,FTS,CTCP Chứng khoán FPT,Chứng khoán,0
113,FUCTVGF1,Quỹ đầu tư Tăng trưởng TVAM,Tài chính khác,0
114,FUCTVGF2,Quỹ Đầu tư tăng trưởng Thiên Việt 2,Tài chính khác,0
115,FUCVREIT,Quỹ đầu tư Bất động sản Techcom Việt Nam,Tài chính khác,0
116,FUESSV50,Quỹ ETF SSIAM VNX50,Tài chính khác,0
117,FUESSVFL,Quỹ ETF SSIAM VNFIN LEAD,Tài chính khác,0
118,FUEVFVND,Quỹ ETF VFMVN DIAMOND,Tài chính khác,0
119,GAB,CTCP Đầu tư Khai Khoáng và Quản lý Tài sản FLC,Vật Liệu Xây Dựng,0
120,GAS,Tổng Công ty Khí Việt Nam - CTCP,Tiện ích,1
121,GDT,CTCP Chế biến Gỗ Đức Thành,SX Hàng Gia Dụng,0
122,GEG,CTCP Điện Gia Lai,Tiện ích,0
123,GEX,Tổng Công ty cổ phần Thiết bị Điện Việt Nam,Thiết bị điện,0
124,GIL,CTCP Sản xuất Kinh doanh và Xuất nhập khẩu Bình Thạnh,SX Hàng Gia Dụng,0
125,GMC,CTCP Garmex Sài Gòn,SX Hàng Gia Dụng,0
126,GMD,CTCP Gemadept,Vận tải - kho bãi,0
127,GSP,CTCP Vận tải Sản Phẩm Khí Quốc tế,Vận tải - kho bãi,0
128,GTA,CTCP Chế biến gỗ Thuận An,SX Phụ trợ,0
129,GTN,CTCP GTNFoods,Thực Phẩm - Đồ Uống,0
130,GVR,Tập đoàn Công nghiệp Cao su Việt Nam - CTCP,Sản Xuất Nhựa - Hóa Chất,0
131,HAG,CTCP Hoàng Anh Gia Lai,Nông-Lâm-Ngư,0
132,HAH,CTCP Vận tải và Xếp dỡ Hải An,Vận tải - kho bãi,0
133,HAI,CTCP Nông dược H.A.I,Bán buôn,0
134,HAP,CTCP Tập đoàn Hapaco,SX Phụ trợ,0
135,HAR,CTCP Đầu tư Thương mại Bất động sản An Dương Thảo Điền,Bất động sản,0
136,HAS,CTCP Hacisco,Xây dựng,0
137,HAX,CTCP Dịch vụ Ô tô Hàng Xanh,Bán lẻ,0
138,HBC,CTCP Tập đoàn Xây dựng Hòa Bình,Xây dựng,0
139,HCD,CTCP Đầu tư Sản xuất và Thương mại HCD,Sản Xuất Nhựa - Hóa Chất,0
140,HCM,CTCP Chứng khoán Thành phố Hồ Chí Minh,Chứng khoán,0
141,HDB,Ngân hàng TMCP Phát triển TPHCM,Ngân hàng,1
142,HDC,CTCP Phát triển Nhà Bà Rịa - Vũng Tàu,Bất động sản,0
143,HDG,CTCP Tập đoàn Hà Đô,Bất động sản,0
144,HHS,CTCP Đầu tư Dịch vụ Hoàng Huy,Bán buôn,0
145,HID,CTCP Halcom Việt Nam,Tiện ích,0
146,HII,CTCP An Tiến Industries,Sản Xuất Nhựa - Hóa Chất,0
147,HMC,CTCP Kim khí Thành phố Hồ Chí Minh - Vnsteel,Bán buôn,0
148,HNG,CTCP Nông nghiệp Quốc tế Hoàng Anh Gia Lai,Nông-Lâm-Ngư,0
149,HOT,CTCP Du lịch Dịch vụ Hội An,Dịch vụ lưu trú - ăn uống-giải trí,0
150,HPG,CTCP Tập đoàn Hòa Phát,Vật Liệu Xây Dựng,1
151,HPX,CTCP Đầu tư Hải Phát,Bất động sản,0
152,HQC,CTCP Tư vấn Thương mại Dịch vụ Địa Ốc Hoàng Quân,Bất động sản,0
153,HRC,CTCP Cao su Hòa Bình,Sản Xuất Nhựa - Hóa Chất,0
154,HSG,CTCP Tập đoàn Hoa Sen,Vật Liệu Xây Dựng,0
155,HSL,CTCP Chế biến Nông sản Hồng Hà Sơn La,Nông-Lâm-Ngư,0
156,HT1,CTCP Xi măng Hà Tiên 1,Vật Liệu Xây Dựng,0
157,HTI,CTCP Đầu tư Phát triển Hạ tầng IDICO,Xây dựng,0
158,HTL,CTCP Kỹ thuật và Ôtô Trường Long,Bán buôn,0
159,HTN,CTCP Hưng Thịnh Incons,Xây dựng,0
160,HTT,CTCP Thương mại Hà Tây,Bất động sản,0
161,HTV,CTCP Vận tải Hà Tiên,Vận tải - kho bãi,0
162,HU1,CTCP Đầu tư và Xây dựng HUD1,Bất động sản,0
163,HU3,CTCP Đầu tư và Xây dựng HUD3,Xây dựng,0
164,HUB,CTCP Xây lắp Thừa Thiên Huế,Xây dựng,0
165,HVG,CTCP Hùng Vương,Chế Biến Thủy Sản,0
166,HVH,CTCP Đầu tư và Công nghệ HVC,Xây dựng,0
167,HVN,Tổng Công ty Hàng không Việt Nam - CTCP,Vận tải - kho bãi,0
168,HVX,CTCP Xi măng VICEM Hải Vân,Vật Liệu Xây Dựng,0
169,IBC,CTCP Đầu tư Apax Holdings,Dịch vụ tư vấn - hỗ trợ,0
170,ICT,CTCP Viễn thông - Tin học Bưu điện,Công nghệ thông tin,0
171,IDI,CTCP Đầu tư và Phát triển Đa Quốc Gia - IDI,Chế Biến Thủy Sản,0
172,IJC,CTCP Phát triển Hạ tầng Kỹ thuật,Bất động sản,0
173,ILB,CTCP ICD Tân Cảng - Long Bình,Vận tải - kho bãi,0
174,IMP,CTCP Dược phẩm Imexpharm,Chăm sóc sức khỏe,0
175,ITA,CTCP Đầu tư và Công nghiệp Tân Tạo,Bất động sản,0
176,ITC,CTCP Đầu tư và Kinh doanh Nhà,Bất động sản,0
177,ITD,CTCP Công nghệ Tiên Phong,Công nghệ thông tin,0
178,JVC,CTCP Thiết bị Y tế Việt Nhật,Bán buôn,0
179,KBC,Tổng Công ty Phát triển Đô thị Kinh Bắc - CTCP,Bất động sản,0
180,KDC,CTCP Tập đoàn KIDO,Thực Phẩm - Đồ Uống,0
181,KDH,CTCP Đầu tư và Kinh doanh Nhà Khang Điền,Bất động sản,0
182,KHP,CTCP Điện lực Khánh Hòa,Tiện ích,0
183,KMR,CTCP Mirae,SX Hàng Gia Dụng,0
184,KOS,CTCP KOSY,Bất động sản,0
185,KPF,CTCP Đầu tư Tài chính Hoàng Minh,Dịch vụ tư vấn - hỗ trợ,0
186,KSB,CTCP Khoáng sản và Xây dựng Bình Dương,Khai khoáng,0
187,L10,CTCP Lilama 10,Xây dựng,0
188,LAF,CTCP Chế biến hàng Xuất khẩu Long An,Thực Phẩm - Đồ Uống,0
189,LBM,CTCP Khoáng sản và Vật liệu Xây dựng Lâm Đồng,Vật Liệu Xây Dựng,0
190,LCG,CTCP Licogi 16,Xây dựng,0
191,LCM,CTCP Khai thác và Chế biến khoáng sản Lào Cai,Khai khoáng,0
192,LDG,CTCP Đầu tư LDG,Bất động sản,0
193,LEC,CTCP Bất động sản Điện lực Miền Trung,Xây dựng,0
194,LGC,CTCP Đầu tư Cầu đường CII,Xây dựng,0
195,LGL,CTCP Đầu tư và Phát triển Đô thị Long Giang,Bất động sản,0
196,LHG,CTCP Long Hậu,Bất động sản,0
197,LIX,CTCP Bột Giặt Lix,Sản Xuất Nhựa - Hóa Chất,0
198,LM8,CTCP Lilama 18,Xây dựng,0
199,LMH,CTCP Landmark Holding,Bán buôn,0
200,LSS,CTCP Mía Đường Lam Sơn,Thực Phẩm - Đồ Uống,0
201,MBB,Ngân hàng TMCP Quân Đội,Ngân hàng,1
202,MCG,CTCP Cơ điện và Xây dựng Việt Nam,SX Thiết Bị Máy Móc,0
203,MCP,CTCP In và Bao bì Mỹ Châu,SX Phụ trợ,0
204,MDG,CTCP Miền Đông,Khai khoáng,0
205,MHC,CTCP MHC,Vận tải - kho bãi,0
206,MSH,CTCP May Sông Hồng,SX Hàng Gia Dụng,0
207,MSN,CTCP Tập đoàn Masan,Thực Phẩm - Đồ Uống,1
208,MWG,CTCP Đầu tư Thế giới Di động,Bán lẻ,1
209,NAF,CTCP Nafoods Group,Thực Phẩm - Đồ Uống,0
210,NAV,CTCP Nam Việt,Bán lẻ,0
211,NBB,CTCP Đầu tư Năm Bảy Bảy,Bất động sản,0
212,NCT,CTCP Dịch vụ Hàng hóa Nội Bài,Vận tải - kho bãi,0
213,NHH,CTCP Nhựa Hà Nội,SX Thiết Bị Máy Móc,0
214,NKG,CTCP Thép Nam Kim,Vật Liệu Xây Dựng,0
215,NLG,CTCP Đầu tư Nam Long,Bất động sản,0
216,NNC,CTCP Đá Núi Nhỏ,Khai khoáng,0
217,NSC,CTCP Tập đoàn Giống cây trồng Việt Nam,Nông-Lâm-Ngư,0
218,NT2,CTCP Điện lực Dầu khí Nhơn Trạch 2,Tiện ích,0
219,NTL,CTCP Phát triển Đô thị Từ Liêm,Bất động sản,0
220,NVL,CTCP Tập đoàn Đầu tư Địa ốc No Va,Bất động sản,1
221,NVT,CTCP Bất động sản Du lịch Ninh Vân Bay,Dịch vụ lưu trú - ăn uống-giải trí,0
222,OGC,CTCP Tập đoàn Đại Dương,Tài chính khác,0
223,OPC,CTCP Dược phẩm OPC,Chăm sóc sức khỏe,0
224,PAC,CTCP Pin Ắc quy Miền Nam,Thiết bị điện,0
225,PAN,CTCP Tập đoàn Pan,Thực Phẩm - Đồ Uống,0
226,PC1,CTCP Xây lắp Điện I,Xây dựng,0
227,PDN,CTCP Cảng Đồng Nai,Vận tải - kho bãi,0
228,PDR,CTCP Phát triển Bất động sản Phát Đạt,Bất động sản,0
229,PET,Tổng Công ty cổ phần Dịch vụ Tổng hợp Dầu khí,Bán buôn,0
230,PGC,Tổng Công ty Gas Petrolimex - CTCP,Tiện ích,0
231,PGD,CTCP Phân phối khí thấp áp Dầu khí Việt Nam,Tiện ích,0
232,PGI,Tổng Công ty cổ phần Bảo hiểm Petrolimex,Bảo hiểm,0
233,PHC,CTCP Xây dựng Phục Hưng Holdings,Xây dựng,0
234,PHR,CTCP Cao su Phước Hòa,Sản Xuất Nhựa - Hóa Chất,0
235,PIT,CTCP Xuất nhập khẩu Petrolimex,Bán buôn,0
236,PJT,CTCP Vận tải Xăng dầu đường Thủy Petrolimex,Vận tải - kho bãi,0
237,PLP,CTCP Sản xuất và Công nghệ Nhựa Pha Lê,Sản Xuất Nhựa - Hóa Chất,0
238,PLX,Tập đoàn Xăng Dầu Việt Nam,Bán buôn,1
239,PME,CTCP Pymepharco,Chăm sóc sức khỏe,0
240,PMG,CTCP Đầu tư và Sản xuất Petro Miền Trung,Bán buôn,0
241,PNC,CTCP Văn hóa Phương Nam,Bán lẻ,0
242,PNJ,CTCP Vàng bạc Đá quý Phú Nhuận,SX Phụ trợ,1
243,POM,CTCP Thép Pomina,Vật Liệu Xây Dựng,0
244,POW,Tổng Công ty Điện lực Dầu khí Việt Nam - CTCP,Tiện ích,1
245,PPC,CTCP Nhiệt điện Phả Lại,Tiện ích,0
246,PSH,CTCP Thương mại Đầu tư Dầu khí Nam Sông Hậu,Bán buôn,0
247,PTB,CTCP Phú Tài,Bán buôn,0
248,PTC,CTCP Đầu tư và Xây dựng Bưu điện,Xây dựng,0
249,PTL,CTCP Đầu tư Hạ tầng và Đô thị Dầu khí,Bất động sản,0
250,PVD,Tổng Công ty cổ phần Khoan và Dịch vụ khoan Dầu khí,Khai khoáng,0
251,PVT,Tổng Công ty cổ phần Vận tải Dầu khí,Vận tải - kho bãi,0
252,PXI,CTCP Xây dựng Công nghiệp và Dân dụng Dầu khí,Bất động sản,0
253,PXS,CTCP Kết cấu Kim loại và Lắp máy Dầu khí,Xây dựng,0
254,PXT,CTCP Xây lắp Đường ống Bể chứa Dầu khí,Xây dựng,0
255,QBS,CTCP Xuất nhập khẩu Quảng Bình,Bán buôn,0
256,QCG,CTCP Quốc Cường Gia Lai,Bất động sản,0
257,RAL,CTCP Bóng đèn Phích nước Rạng Đông,Thiết bị điện,0
258,RDP,CTCP Rạng Đông Holding,Sản Xuất Nhựa - Hóa Chất,0
259,REE,CTCP Cơ Điện Lạnh,Xây dựng,1
260,RIC,CTCP Quốc tế Hoàng Gia,Dịch vụ lưu trú - ăn uống-giải trí,0
261,ROS,CTCP Xây dựng FLC Faros,Xây dựng,1
262,S4A,CTCP Thủy điện Sê San 4A,Tiện ích,0
263,SAB,Tổng Công ty cổ phần Bia - Rượu - Nước giải khát Sài Gòn,Thực Phẩm - Đồ Uống,1
264,SAM,CTCP SAM HOLDINGS,Thiết bị điện,0
265,SAV,CTCP Hợp tác Kinh tế và Xuất nhập khẩu Savimex,SX Hàng Gia Dụng,0
266,SBA,CTCP Sông Ba,Tiện ích,0
267,SBT,CTCP Thành Thành Công - Biên Hòa,Thực Phẩm - Đồ Uống,1
268,SBV,CTCP Siam Brothers Việt Nam,SX Phụ trợ,0
269,SC5,CTCP Xây dựng Số 5,Xây dựng,0
270,SCD,CTCP Nước giải khát Chương Dương,Thực Phẩm - Đồ Uống,0
271,SCR,CTCP Địa ốc Sài Gòn Thương Tín,Bất động sản,0
272,SCS,CTCP Dịch vụ Hàng hóa Sài Gòn,Vận tải - kho bãi,0
273,SFC,CTCP Nhiên liệu Sài Gòn,Bán lẻ,0
274,SFG,CTCP Phân Bón Miền Nam,Sản Xuất Nhựa - Hóa Chất,0
275,SFI,CTCP Đại lý Vận tải SAFI,Vận tải - kho bãi,0
276,SGN,CTCP Phục vụ Mặt đất Sài Gòn,Vận tải - kho bãi,0
277,SGR,CTCP Địa ốc Sài Gòn,Bất động sản,0
278,SGT,CTCP Công nghệ Viễn Thông Sài Gòn,Bán buôn,0
279,SHA,CTCP Sơn Hà Sài Gòn,SX Hàng Gia Dụng,0
280,SHI,CTCP Quốc tế Sơn Hà,SX Phụ trợ,0
281,SHP,CTCP Thủy điện Miền Nam,Tiện ích,0
282,SII,CTCP Hạ tầng Nước Sài Gòn,Tiện ích,0
283,SJD,CTCP Thủy điện Cần Đơn,Tiện ích,0
284,SJF,CTCP Đầu tư Sao Thái Dương,Nông-Lâm-Ngư,0
285,SJS,CTCP Đầu tư Phát triển Đô thị và Khu công nghiệp Sông Đà,Bất động sản,0
286,SKG,CTCP Tàu cao tốc Superdong - Kiên Giang,Vận tải - kho bãi,0
287,SMA,CTCP Thiết bị Phụ tùng Sài Gòn,Bán buôn,0
288,SMB,CTCP Bia Sài Gòn - Miền Trung,Thực Phẩm - Đồ Uống,0
289,SMC,CTCP Đầu tư Thương mại SMC,Bán buôn,0
290,SPM,CTCP SPM,Chăm sóc sức khỏe,0
291,SRC,CTCP Cao su Sao Vàng,Sản Phẩm Cao Su,0
292,SRF,CTCP Kỹ nghệ Lạnh,Xây dựng,0
293,SSC,CTCP Giống cây trồng Miền Nam,Nông-Lâm-Ngư,0
294,SSI,CTCP Chứng khoán SSI,Chứng khoán,1
295,ST8,CTCP Siêu Thanh,Bán buôn,0
296,STB,Ngân hàng TMCP Sài Gòn Thương Tín,Ngân hàng,1
297,STG,CTCP Kho vận Miền Nam,Vận tải - kho bãi,0
298,STK,CTCP Sợi Thế Kỷ,SX Hàng Gia Dụng,0
299,SVC,CTCP Dịch vụ Tổng hợp Sài Gòn,Bán lẻ,0
300,SVI,CTCP Bao bì Biên Hòa,SX Phụ trợ,0
301,SVT,CTCP Công nghệ Sài Gòn Viễn Đông,SX Phụ trợ,0
302,SZC,CTCP Sonadezi Châu Đức,Bất động sản,0
303,SZL,CTCP Sonadezi Long Thành,Bất động sản,0
304,TAC,CTCP Dầu thực vật Tường An,Thực Phẩm - Đồ Uống,0
305,TBC,CTCP Thủy điện Thác Bà,Tiện ích,0
306,TCB,Ngân hàng TMCP Kỹ thương Việt Nam,Ngân hàng,1
307,TCD,CTCP Đầu tư Phát triển Công nghiệp và Vận tải,Xây dựng,0
308,TCH,CTCP Đầu tư Dịch vụ Tài chính Hoàng Huy,Bán buôn,0
309,TCL,CTCP Đại lý Giao nhận Vận tải Xếp dỡ Tân Cảng,Vận tải - kho bãi,0
310,TCM,CTCP Dệt may - Đầu tư - Thương mại Thành Công,SX Hàng Gia Dụng,0
311,TCO,CTCP Vận tải Đa phương thức Duyên Hải,Vận tải - kho bãi,0
312,TCR,CTCP Công nghiệp Gốm sứ Taicera,Vật Liệu Xây Dựng,0
313,TCT,CTCP Cáp treo Núi Bà Tây Ninh,Vận tải - kho bãi,0
314,TDC,CTCP Kinh doanh và Phát triển Bình Dương,Bất động sản,0
315,TDG,CTCP Dầu khí Thái Dương,Bán buôn,0
316,TDH,CTCP Phát triển Nhà Thủ Đức,Bất động sản,0
317,TDM,CTCP Nước Thủ Dầu Một,Tiện ích,0
318,TDW,CTCP Cấp nước Thủ Đức,Tiện ích,0
319,TEG,CTCP Bất động sản và Xây dựng Trường Thành,Xây dựng,0
320,TGG,CTCP Xây dựng và Đầu tư Trường Giang,Xây dựng,0
321,THG,CTCP Đầu tư và Xây dựng Tiền Giang,Vật Liệu Xây Dựng,0
322,THI,CTCP Thiết bị Điện,SX Thiết Bị Máy Móc,0
323,TIP,CTCP Phát triển Khu Công nghiệp Tín Nghĩa,Bất động sản,0
324,TIX,CTCP Sản xuất Kinh doanh Xuất nhập khẩu Dịch vụ và Đầu tư Tân Bình,Bất động sản,0
325,TLD,CTCP Đầu tư Xây dựng và Phát triển Đô thị Thăng Long,SX Phụ trợ,0
326,TLG,CTCP Tập đoàn Thiên Long,SX Phụ trợ,0
327,TLH,CTCP Tập đoàn Thép Tiến Lên,Bán buôn,0
328,TMP,CTCP Thủy điện Thác Mơ,Tiện ích,0
329,TMS,CTCP Transimex,Vận tải - kho bãi,0
330,TMT,CTCP Ô tô TMT,SX Phụ trợ,0
331,TN1,CTCP Thương mại Dịch vụ TNS Holdings,Bất động sản,0
332,TNA,CTCP Thương mại Xuất nhập khẩu Thiên Nam,Bán buôn,0
333,TNC,CTCP Cao su Thống Nhất,Sản Xuất Nhựa - Hóa Chất,0
334,TNI,CTCP Tập đoàn Thành Nam,Bán buôn,0
335,TNT,CTCP Tài Nguyên,Khai khoáng,0
336,TPB,Ngân hàng TMCP Tiên Phong,Ngân hàng,0
337,TPC,CTCP Nhựa Tân Đại Hưng,Sản Xuất Nhựa - Hóa Chất,0
338,TRA,CTCP Traphaco,Chăm sóc sức khỏe,0
339,TRC,CTCP Cao su Tây Ninh,Sản Xuất Nhựa - Hóa Chất,0
340,TS4,CTCP Thủy sản Số 4,Chế Biến Thủy Sản,0
341,TSC,CTCP Vật tư Kỹ thuật nông nghiệp Cần Thơ,Bán buôn,0
342,TTB,CTCP Tập đoàn Tiến Bộ,Bán buôn,0
343,TTE,CTCP Đầu tư Năng lượng Trường Thịnh,Tiện ích,0
344,TTF,CTCP Tập đoàn Kỹ nghệ gỗ Trường Thành,SX Hàng Gia Dụng,0
345,TV2,CTCP Tư vấn Xây dựng Điện 2,Dịch vụ tư vấn - hỗ trợ,0
346,TVB,CTCP Chứng khoán Trí Việt,Chứng khoán,0
347,TVS,CTCP Chứng khoán Thiên Việt,Chứng khoán,0
348,TVT,Tổng Công ty Việt Thắng - CTCP,SX Hàng Gia Dụng,0
349,TYA,CTCP Dây và Cáp Điện Taya Việt Nam,Thiết bị điện,0
350,UDC,CTCP Xây dựng và Phát triển Đô thị Tỉnh Bà Rịa Vũng Tàu,Xây dựng,0
351,UIC,CTCP Đầu tư Phát triển Nhà và Đô thị IDICO,Tiện ích,0
352,VAF,CTCP Phân lân Nung chảy Văn Điển,Sản Xuất Nhựa - Hóa Chất,0
353,VCB,Ngân hàng TMCP Ngoại thương Việt Nam,Ngân hàng,1
354,VCF,CTCP Vinacafé Biên Hòa,Thực Phẩm - Đồ Uống,0
355,VCI,CTCP Chứng khoán Bản Việt,Chứng khoán,0
356,VDP,CTCP Dược phẩm Trung ương VIDIPHA,Chăm sóc sức khỏe,0
357,VDS,CTCP Chứng khoán Rồng Việt,Chứng khoán,0
358,VFG,CTCP Khử trùng Việt Nam,Bán buôn,0
359,VGC,Tổng Công ty Viglacera - CTCP,Bán lẻ,0
360,VHC,CTCP Vĩnh Hoàn,Chế Biến Thủy Sản,0
361,VHM,CTCP Vinhomes,Bất động sản,1
362,VIC,Tập đoàn VINGROUP - CTCP,Bất động sản,1
363,VID,CTCP Đầu tư Phát triển Thương mại Viễn Đông,Bán buôn,0
364,VIP,CTCP Vận tải Xăng dầu Vipco,Vận tải - kho bãi,0
365,VIS,CTCP Thép Việt Ý,Vật Liệu Xây Dựng,0
366,VJC,CTCP Hàng không Vietjet,Vận tải - kho bãi,1
367,VMD,CTCP Y Dược phẩm Vimedimex,Bán buôn,0
368,VMG,CTCP Truyền thông VMG,Công nghệ thông tin,0
369,VND,CTCP Chứng khoán VNDirect,Chứng khoán,0
370,VNE,Tổng Công ty cổ phần Xây dựng Điện Việt Nam,Xây dựng,0
371,VNG,CTCP Du lịch Thành Thành Công,Dịch vụ lưu trú - ăn uống-giải trí,0
372,VNL,CTCP Logistics Vinalink,Vận tải - kho bãi,0
373,VNM,CTCP Sữa Việt Nam,Thực Phẩm - Đồ Uống,1
374,VNS,CTCP Ánh Dương Việt Nam,Vận tải - kho bãi,0
375,VOS,CTCP Vận tải Biển Việt Nam,Vận tải - kho bãi,0
376,VPB,Ngân hàng TMCP Việt Nam Thịnh Vượng,Ngân hàng,1
377,VPD,CTCP Phát triển Điện lực Việt Nam,Tiện ích,0
378,VPG,CTCP Đầu tư Thương mại Xuất nhập khẩu Việt Phát,Bán buôn,0
379,VPH,CTCP Vạn Phát Hưng,Bất động sản,0
380,VPI,CTCP Đầu tư Văn Phú - INVEST,Bất động sản,0
381,VPS,CTCP Thuốc sát trùng Việt Nam (VIPESCO),Sản Xuất Nhựa - Hóa Chất,0
382,VRC,CTCP Bất động sản và Đầu tư VRC,Bất động sản,0
383,VRE,CTCP Vincom Retail,Bất động sản,1
384,VSC,CTCP Container Việt Nam,Vận tải - kho bãi,0
385,VSH,CTCP Thủy điện Vĩnh Sơn - Sông Hinh,Tiện ích,0
386,VSI,CTCP Đầu tư và Xây dựng Cấp thoát nước,Xây dựng,0
387,VTB,CTCP Viettronics Tân Bình,Thiết bị điện,0
388,VTO,CTCP Vận tải Xăng dầu Vitaco,Vận tải - kho bãi,0
389,YBM,CTCP Khoáng sản Công nghiệp Yên Bái,Vật Liệu Xây Dựng,0
390,YEG,CTCP Tập đoàn Yeah1,Tài chính khác,0
